{"_runtime":32.783752974,"_step":5,"step_loss":1.7255514860153198,"_wandb":{"runtime":37},"step":6,"_timestamp":1.7329022325222917e+09}